[
    {
        "Category": "Technology Sharing",
        "title": "Why should you be interested in technology?",
        "Description": "နည်းပညာသည် ယနေ့ခေတ် ကမ္ဘာကြီးတွင် အရေးပါသော အခန်းကဏ္ဍမှ ပါဝင်နေပြီး လူ့ဘဝ၏ နေ့စဉ်လုပ်ငန်းဆောင်တာများကို လွယ်ကူချောမွေ့စေရုံသာမက လူမှုစီးပွားဘဝကိုပါ ပြောင်းလဲတိုးတက်စေနိုင်သည့် ပညာတစ်ရပ်...",
        "ImageUrl": "https://i.pinimg.com/1200x/2b/ee/a9/2beea9e54f8d110dea10ac85636e2f44.jpg",
        "ImageCaption": "Why You should be Interested in Technology",
        "Author": "tinnaingoo",
        "Date": "Feb 26, 2025",
        "PostUrl": "post/technology-sharing/why-you-should-be-interested-in-technology",
        "NextPost-Title": "Computer ဆိုတာဘာလဲ",
        "NextPost-Url": "post/technology-sharing/what-is-computer",
        "PrePost-Title": "Computer Keyboard အကြောင်း",
        "PrePost-Url": "post/technology-sharing/about-computer-keyboard"
    },
    {
        "Category": "Technology Sharing",
        "title": "Computer ဆိုတာဘာလဲ",
        "Description": "ကွန်ပျူတာ ဆိုသည်မှာ ဒေတာများ သိမ်းဆည်းရန် နှင့် တွက်ချက်ရန် အသုံးပြုသော လျှပ်စစ်ပစ္စည်းဖြစ်သည်။ စာရွက်စာတမ်းများ နှင့် စာရင်းဇယားများပြုလုပ်ခြင်း၊ email ပို့ခြင်း၊ Game ဆော့ခြင်း၊ Internet အသုံးပြုခြင်း နှင့် အခြားသောလုပ်ငန်းဆောင်တာများတွင် အသုံးပြုကြသည်။...",
        "ImageUrl": "https://i.pinimg.com/1200x/d2/e3/d7/d2e3d70daea2a86a742311ca1f7584b7.jpg",
        "ImageCaption": "What is Computer",
        "Author": "tinnaingoo",
        "Date": "Feb 23, 2025",
        "PostUrl": "post/technology-sharing/what-is-computer",
        "NextPost-Title": "Computer OS အကြောင်း",
        "NextPost-Url": "post/technology-sharing/about-computer-os",
        "PrePost-Title": "Computer Keyboard အကြောင်း",
        "PrePost-Url": "post/technology-sharing/about-computer-keyboard"
    },
    {
        "Category": "Technology Sharing",
        "title": "ကွန်ပျူတာကီးဘုတ် (Computer Keyboard) အကြောင်း",
        "Description": "ကွန်ပျူတာကီးဘုတ်သည် ကွန်ပျူတာစနစ်တစ်ခုအတွက် အရေးပါသော Input Device တစ်ခုဖြစ်သည်။ ကီးဘုတ်မှတစ်ဆင့် စာရိုက်ခြင်း၊ ကွန်ပျူတာကို ထိန်းချုပ်ခြင်း၊ နှင့် အခြားလုပ်ဆောင်ချက်များကို လုပ်ဆောင်နိုင်သည်။ ကီးဘုတ်များသည် နည်းပညာတိုးတက်မှုနှင့်အတူ အမျိုးအစား...",
        "ImageUrl": "https://i.pinimg.com/1200x/32/5e/e0/325ee0d8d14e60a33264a49cfb3dca42.jpg",
        "ImageCaption": "About Computer Keyboard",
        "Author": "tinnaingoo",
        "Date": "Feb 24, 2025",
        "PostUrl": "post/technology-sharing/about-computer-keyboard",
        "NextPost-Title": "Computer ဆိုတာဘာလဲ",
        "NextPost-Url": "post/technology-sharing/what-is-computer",
        "PrePost-Title": "Computer OS အကြောင်း",
        "PrePost-Url": "post/technology-sharing/about-computer-os"
    },
    {
        "Category": "Technology Sharing",
        "title": "Operating System (OS) အကြောင်း",
        "Description": "ကွန်ပျူတာများသည် လူတို့၏ နေ့စဉ်ဘဝတွင် အရေးကြီးသော အကူအညီပေးပစ္စည်းဖြစ်လာပါသည်။ အဲဒီအတွက် ကွန်ပျူတာများကို အလုပ်လုပ်နိုင်စေရန် Operating System (OS) များလိုအပ်ပြီး OS များသည် hardware နှင့် software အကြား...",
        "ImageUrl": "https://i.pinimg.com/1200x/8a/aa/dd/8aaaddd94e13c535d7580d2cf6e4c456.jpg",
        "ImageCaption": "About Computer OS",
        "Author": "tinnaingoo",
        "Date": "Feb 24, 2025",
        "PostUrl": "post/technology-sharing/about-computer-os",
        "NextPost-Title": "Computer ဆိုတာဘာလဲ",
        "NextPost-Url": "post/technology-sharing/what-is-computer",
        "PrePost-Title": "ကွန်ပျူတာကီးဘုတ် (Computer Keyboard) အကြောင်း",
        "PrePost-Url": "post/technology-sharing/about-computer-keyboard"
    }
]
